Top queries,Clicks,Impressions,CTR,Position
saxo markets,1,31,3.23%,25.16
forex broker,0,755,0%,87.49
spread betting uk,0,421,0%,83.19
online spread betting,0,417,0%,77.06
spread betting brokers,0,387,0%,75.35
spread betting companies,0,349,0%,79.36
forex trading broker,0,325,0%,85.55
spread betting brokers uk,0,314,0%,73.6
spread betting platforms,0,304,0%,80.26
spread betting account,0,283,0%,80.3
spread bet uk,0,276,0%,83.81
best financial spread betting sites,0,274,0%,76.92
uk spread betting brokers,0,273,0%,74.14
spread betting platform uk,0,271,0%,75.51
best spread betting brokers,0,264,0%,72.68
spread betting services,0,260,0%,61.83
spread betting firms,0,257,0%,75.73
best spread betting platforms uk,0,256,0%,71.46
best spread betting platforms,0,253,0%,76.05
best day trading platform uk,0,238,0%,58.27
best spread betting courses,0,231,0%,69.4
best spread betting and cfd trading,0,229,0%,84.28
uk spread betting,0,227,0%,81.48
best spread betting opportunities,0,215,0%,79.73
spread betting platform reviews,0,209,0%,79.93
best spread betting and cfd brokers,0,207,0%,76.35
spread betting vs cfd trading uk,0,206,0%,62.19
spread betting broker uk,0,198,0%,73.9
best spread betting account management,0,198,0%,79.49
best spread betting platform uk,0,197,0%,69.99
best spread betting markets,0,196,0%,78.57
best forex brokers,0,189,0%,76.93
spread betting broker,0,189,0%,77.51
best spread betting accounts,0,187,0%,77.16
spread betting education,0,184,0%,52.68
trading app,0,162,0%,53.9
xtb,0,162,0%,59.73
oanda singapore,0,161,0%,37.32
how to start spread betting uk,0,160,0%,70.73
best trading risk management,0,157,0%,51.3
best trading accounts for beginners,0,156,0%,70.58
best spread betting and cfd trading tools,0,156,0%,81.48
best swing trading platforms,0,152,0%,54.72
best spread betting platform,0,148,0%,75.21
best forex broker,0,146,0%,78.7
trading education resources,0,138,0%,65.88
forex trading brokers,0,130,0%,85.09
best spread betting broker,0,128,0%,73.38
mt4 lwn mt5,0,127,0%,69.87
best spread betting reviews,0,122,0%,73.24
online forex broker,0,122,0%,87.04
best spread betting regulations,0,121,0%,78.15
top forex brokers,0,120,0%,77.66
spread betting tools,0,120,0%,81.11
drawdown risk management,0,112,0%,56.29
spread betting accounts,0,109,0%,85.66
spread betting market updates uk,0,108,0%,80.81
spread betting for professionals uk,0,106,0%,74.1
best forex spread betting,0,104,0%,79.36
uk stock brokers for beginners,0,103,0%,72.16
trading 212,0,102,0%,48.68
beginners guide to spread betting uk,0,102,0%,68.61
spread betting reviews,0,101,0%,75.35
spread betting platform,0,101,0%,84.54
spread betting vs options trading uk,0,100,0%,63.11
stock brokers for beginners uk,0,100,0%,69.72
cfd trading for professionals uk,0,99,0%,71.39
best forex broker uk,0,97,0%,77.68
uk forex review,0,96,0%,60.16
options trading brokers uk,0,95,0%,69.41
best forex brokers uk,0,94,0%,78.1
forex brokers,0,92,0%,84.1
no commission trading uk,0,90,0%,70.46
best spread betting broker uk,0,90,0%,70.67
spread betting education resources,0,88,0%,63.25
best trading platform guides,0,84,0%,59.83
zero commission trading uk,0,84,0%,62.11
best cfd trading account management,0,84,0%,85.55
best spread betting tools,0,83,0%,85.33
spread betting regulations,0,81,0%,66.51
spread betting vs cfds,0,80,0%,64.19
best broker in the uk,0,79,0%,65.51
best day trading broker uk,0,78,0%,59.26
low broker,0,76,0%,64.01
spread betting vs cfd trading,0,73,0%,76.04
stock market trading courses london,0,70,0%,50.79
best broker for day trading uk,0,67,0%,60.12
best uk forex broker,0,67,0%,79.46
options broker uk,0,66,0%,66.11
day trading brokers uk,0,66,0%,66.67
forex broker uk,0,66,0%,83.61
forex brokers uk,0,65,0%,80.68
spread betting market opportunities uk,0,65,0%,85.05
forex trading companies,0,63,0%,75.38
who are uk spread betting brokers,0,62,0%,75.4
best brokers for forex,0,62,0%,79.52
singapore forex broker,0,62,0%,85.74
spread betting risk management uk,0,60,0%,72.58
spread betting strategies for beginners uk,0,60,0%,73.83
cfd trading uk,0,60,0%,93.67
best brokerage for beginners,0,59,0%,61.32
best brokers for beginners,0,59,0%,70.53
best uk spread betting brokers,0,59,0%,71.66
what is the best spread betting broker in uk,0,58,0%,72.05
best forex trading brokers,0,58,0%,78.74
spread betting software,0,56,0%,71.89
trading 212 review,0,55,0%,53.87
spread betting for beginners uk,0,55,0%,70.31
what is the best spread betting platform,0,55,0%,73.65
what is the best spread betting broker,0,55,0%,74.35
spreadex trading,0,54,0%,32.74
top forex broker,0,52,0%,74.67
drawdown management,0,51,0%,73.55
forex broker comparison,0,51,0%,78.18
financial spread betting sites,0,51,0%,79.9
best forex broker in uk,0,51,0%,80.22
ai trading singapore,0,49,0%,44.53
options broker,0,49,0%,60.45
best broker forex,0,49,0%,78.02
spreadbet,0,48,0%,68.54
united states forex brokers,0,48,0%,80.44
"""best trading platform uk""",0,48,0%,84.17
how to use fibonacci retracement,0,47,0%,45.21
discount brokers in uk,0,47,0%,75.26
best forex trading platform uk,0,47,0%,82.36
tastyfx,0,46,0%,42.41
ai trading platform singapore,0,46,0%,61.13
options brokers,0,45,0%,69.24
lowest spread forex broker,0,45,0%,72.16
tastyfx review,0,44,0%,68.59
us forex brokers,0,44,0%,80.48
spread betting market data uk,0,44,0%,83.14
day trading platform uk,0,42,0%,64.5
forex brokers usa,0,42,0%,77.57
best forex trading platforms,0,42,0%,79.05
australian forex brokers,0,42,0%,85.02
xtb review,0,40,0%,64.95
cfd trading brokers,0,40,0%,71.47
discount brokers uk,0,39,0%,78.59
best cfd trading reviews,0,39,0%,81.05
trading in singapore,0,39,0%,83.13
hargreaves lansdown spread betting,0,38,0%,34.53
cfd spread betting,0,38,0%,39.84
cmc vs ig,0,38,0%,52.79
the best forex broker,0,38,0%,77.87
what is the best us regulated forex broker?,0,38,0%,83.71
best forex brokers in australia,0,37,0%,76.49
metatrader singapore,0,36,0%,73.39
engulfing,0,35,0%,70.6
forex broker reviews,0,35,0%,74.29
what is the best forex broker in uk,0,35,0%,75.83
uk cfd brokers,0,35,0%,85.43
best forex broker in australia,0,34,0%,78.24
low spread brokers,0,33,0%,74.09
top 10 forex brokers,0,33,0%,77.67
uk forex broker,0,33,0%,85.58
how to use fib retracement,0,32,0%,51.91
trading212,0,32,0%,53.62
0 commission trading uk,0,32,0%,70.94
best forex trading,0,32,0%,76.88
how to trade forex in singapore,0,31,0%,48.84
best spread betting,0,31,0%,72.19
broker forex,0,31,0%,83.71
which brokers offer forex spread betting?,0,31,0%,89.06
spread betting market commentary uk,0,30,0%,75.43
forex broker singapore,0,30,0%,82.4
forex brokers australia,0,30,0%,86.13
trading monitor setup,0,29,0%,42.03
spread betting cfd,0,29,0%,43.55
uk spread betting platform,0,29,0%,72.48
spread betting platforms uk,0,29,0%,73.72
best forex broker australia,0,29,0%,74.79
dma direct market access,0,29,0%,79.28
uk forex brokers,0,29,0%,80.72
spread betting market analysis uk,0,29,0%,86.38
saxo capital markets singapore,0,28,0%,32.04
grow trade accounts,0,28,0%,47.43
what is the best forex broker in uk?,0,28,0%,75.79
best broker for forex trading,0,28,0%,79.43
how to choose a spread betting broker uk,0,27,0%,67.67
etoro vs trading 212,0,27,0%,68.59
best day trading platforms,0,27,0%,70.56
best forex brokers australia,0,27,0%,78.63
best forex broker in usa,0,27,0%,87.89
trade 212,0,26,0%,48.23
best spread betting brokers uk,0,26,0%,67.31
trusted forex brokers,0,26,0%,82.12
best day trading platforms uk,0,25,0%,60.12
forex brokers review,0,25,0%,75.32
forex trading platform singapore,0,25,0%,77.68
cfds broker,0,25,0%,80.88
ig vs trading 212,0,24,0%,29.88
212 trading,0,24,0%,44.58
trading management,0,24,0%,61.04
pepperstone review,0,24,0%,63.54
forex usd jpy,0,24,0%,68.12
spread betting for professionals,0,24,0%,78.96
spread betting company,0,24,0%,81.67
best forex trading platform,0,24,0%,82.88
best trading setup,0,23,0%,36.78
spreadex,0,23,0%,51
best trading brokers,0,23,0%,61.91
saxo markets sg,0,22,0%,27.55
learn for trade forex in singapore,0,22,0%,51.73
trading monitors,0,22,0%,59.77
cable forex,0,22,0%,66.45
best trusted brokers,0,22,0%,67.82
ranking prop firms,0,22,0%,70.82
spread bet broker,0,22,0%,75.77
australia best forex broker,0,22,0%,79.68
spread betting firm,0,22,0%,80.27
what is the best forex broker?,0,22,0%,80.32
australia forex brokers,0,22,0%,81.5
spread betting account management,0,22,0%,83.82
best forex trading platform in uk,0,22,0%,85
australia forex broker,0,22,0%,85.05
spreadbet uk,0,21,0%,77.71
what is the minimum deposit for uk trading accounts,0,21,0%,79.86
who are uk cfd trading brokers,0,21,0%,82.76
forex broker australia,0,21,0%,85.86
fx brokers,0,21,0%,87
ig vs xtb,0,20,0%,28.95
how to use fibonacci,0,20,0%,30.05
trading course and tips in hong kong,0,20,0%,31.95
trading monitor,0,20,0%,37.4
xtb vs ig,0,20,0%,40.65
forex broker review,0,20,0%,73.45
cfd trading market analysis uk,0,20,0%,78.15
australian forex broker,0,20,0%,83
best ai trading software singapore,0,19,0%,25.89
best online brokerage firms forex rating,0,19,0%,58.32
prop firm with the largest drawdown,0,19,0%,67.89
best fx broker,0,19,0%,77.47
ridder trader group,0,19,0%,78.58
forex traders australia,0,19,0%,78.89
best forex brokers in uk,0,19,0%,80.37
compare forex brokers,0,19,0%,83.21
forex trading brokers australia,0,19,0%,86.79
eur usd chart,0,18,0%,54
trading from home uk,0,18,0%,57.89
day trading broker,0,18,0%,63.67
ig vs cmc,0,18,0%,64.61
uk options broker,0,18,0%,69.17
forex broker usa,0,18,0%,79.89
best forex brokers in the uk,0,18,0%,82.94
how to understand uk economic calendar,0,17,0%,45.65
cfd or spread betting,0,17,0%,48.18
day trading software uk,0,17,0%,60.41
how to invest in us stocks from singapore,0,17,0%,60.82
spread broker,0,17,0%,72.47
options brokers uk,0,17,0%,72.88
cfd provider,0,17,0%,76.29
uk day trading,0,17,0%,77.18
best broker for forex,0,17,0%,79.53
forex brokerage,0,17,0%,85
"why the 200 sma is ""the king of indicators""",0,16,0%,3.38
plus500 singapore mas regulated,0,16,0%,7.56
trading 212 vs ig,0,16,0%,29.44
options trading uk broker,0,16,0%,65.75
option brokers uk,0,16,0%,69.56
direct market access,0,16,0%,70.06
ranking prop firm,0,16,0%,71.19
low spread forex brokers,0,16,0%,72.25
uk discount brokers,0,16,0%,75.56
uk best forex brokers,0,16,0%,75.81
top forex brokers uk,0,16,0%,77.19
what is the best forex broker in australia?,0,16,0%,77.38
best uk forex brokers,0,16,0%,78.38
spreadbetting offers,0,16,0%,79.81
best forex trading platform australia,0,16,0%,83.88
spread betting online,0,16,0%,88.44
trade hub sentiment,0,15,0%,26.4
best trading software,0,15,0%,50.67
uk day trading broker,0,15,0%,66.67
best day trading platform,0,15,0%,67.4
trading 212 vs etoro,0,15,0%,68.13
best uk spread betting platform,0,15,0%,71.07
fx trading broker,0,15,0%,74.27
prop trading firms singapore,0,15,0%,74.33
trade hong kong stocks in us,0,15,0%,75.73
best fx brokers uk,0,15,0%,77.67
prop firm drawdown,0,15,0%,82
cfd trading market opportunities uk,0,15,0%,82.73
forex broker compare,0,15,0%,84.67
spreadbetting uk,0,15,0%,87.13
trade cfds uk,0,15,0%,87.8
foreign exchange broker australia,0,15,0%,92.13
trading 100 pounds,0,14,0%,28.14
trading 500,0,14,0%,36.43
etoro drawdown,0,14,0%,47.79
spread betting or cfd,0,14,0%,52.14
cfd trading education resources,0,14,0%,54.86
best options broker uk,0,14,0%,56.21
xtb trading,0,14,0%,56.64
swissquote vs saxo bank,0,14,0%,58.36
best trading brokers uk,0,14,0%,62.5
cmc markets vs ig,0,14,0%,63
best brokers,0,14,0%,66.07
low spread forex broker,0,14,0%,70.21
risk management trading,0,14,0%,71.43
spread betting shares uk,0,14,0%,72.71
prop trading firms ranking,0,14,0%,75.93
the best broker forex,0,14,0%,76.79
best forex broker usa,0,14,0%,77.86
day trading uk,0,14,0%,82.36
spread betting market reports uk,0,14,0%,91.36
pepperstone vs ic markets,0,13,0%,37.46
saxo bank vs swissquote,0,13,0%,37.69
gbp usd live chart,0,13,0%,47.85
tasty fx,0,13,0%,53.54
tastyfx leverage,0,13,0%,56.85
best broker for metatrader 5 uk reviews,0,13,0%,68.54
best brokers in uk,0,13,0%,69.54
how to invest in us stock market from singapore,0,13,0%,70.31
what is the best spread betting platform in uk,0,13,0%,70.31
spread bet account,0,13,0%,73.15
best spread betting account,0,13,0%,73.38
best online forex brokers,0,13,0%,83
best asia forex trading course singapore,0,13,0%,86.38
saxo capital markets singapore review,0,12,0%,22.67
forex broker usa forex rating,0,12,0%,37.17
forex brokers us forex rating,0,12,0%,41.92
spread betting or cfd account,0,12,0%,48.58
plus500,0,12,0%,49.08
trader monitor,0,12,0%,52
etoro vs plus500,0,12,0%,62.17
best broker in uk,0,12,0%,66
spreadbet forex,0,12,0%,68.83
options trading broker uk,0,12,0%,69
spread bets uk,0,12,0%,74.08
what is the best forex trading platform uk,0,12,0%,81.83
city index singapore,0,11,0%,31.09
monitor setup for trading,0,11,0%,50.36
eur usd live chart,0,11,0%,52.55
trading course,0,11,0%,54.64
cfd spread betting trading platform,0,11,0%,59.73
best day trading brokers,0,11,0%,62.27
ai trading system singapore,0,11,0%,63.73
usd jpy,0,11,0%,63.73
eur usd forex,0,11,0%,65.36
taxes on trading,0,11,0%,67.73
tradgrip uk,0,11,0%,74.36
spread broker forex,0,11,0%,76.36
singapore cfd brokers,0,11,0%,77.27
the drawdown,0,11,0%,79.45
spread betting platform uk limited,0,11,0%,80.73
brokers forex,0,11,0%,81.55
best forex trading broker,0,11,0%,82.45
forex brokers in uk,0,11,0%,83.09
best forex brokers online,0,11,0%,83.73
trusted forex broker,0,11,0%,84
trading monitors setup,0,10,0%,56.7
best day trading broker,0,10,0%,57.7
eurusd live chart,0,10,0%,57.7
best broker for day trading,0,10,0%,59.6
day trading platform reviews,0,10,0%,61.1
usd drawdown,0,10,0%,61.9
day trading brokers,0,10,0%,63.6
learn to trade graduate website,0,10,0%,67.7
forex broker rating usa,0,10,0%,70.4
learn stock market uk,0,10,0%,71.1
best trading account for beginners,0,10,0%,72.9
admiral markets alternatives,0,10,0%,73.1
trading courses,0,10,0%,73.9
what is the best forex broker,0,10,0%,76
best online forex broker,0,10,0%,76.7
best forex platform,0,10,0%,78.8
forex broker ratings,0,10,0%,78.9
us regulated forex brokers,0,10,0%,79.8
best fx brokers in uk,0,10,0%,80.9
deposit broker,0,10,0%,81.2
fx broker,0,10,0%,81.3
spread betting trading platforms uk,0,10,0%,83.7
forex brokers in australia,0,10,0%,86
forex spread betting uk,0,10,0%,86.3
brokers for forex,0,10,0%,87.1
best forex brokers forex ratings,0,10,0%,88.8
best asia forex trading mentor singapore,0,10,0%,89.2
ig vs interactive brokers,0,9,0%,33.78
forex broker in usa forex rating,0,9,0%,37.67
trade 500,0,9,0%,41.78
trader xtb,0,9,0%,45.78
best trading seminars,0,9,0%,46.44
trading setup monitors,0,9,0%,51
what is a quant,0,9,0%,57.11
tax on trading uk,0,9,0%,63.11
best forex brokers uk reviews,0,9,0%,64.11
best forex broker uk metatrader 5 reviews,0,9,0%,68.67
plus500 vs etoro,0,9,0%,69.56
best singapore forex trading course,0,9,0%,70
option broker,0,9,0%,70.11
best overall platform,0,9,0%,70.67
best spread betting trading platform uk,0,9,0%,72.33
guide on spread betting,0,9,0%,72.89
forex broker ranking,0,9,0%,73.22
best spread bet broker,0,9,0%,73.56
ic markets review 2026,0,9,0%,76.11
best us forex broker,0,9,0%,76.89
low spread broker,0,9,0%,77.56
spread betting uk brokers,0,9,0%,78.22
best australian forex brokers,0,9,0%,78.78
forex provider,0,9,0%,78.78
best trading platform for scalping,0,9,0%,79.44
forex trading austrlia compare broker,0,9,0%,79.67
australian based forex brokers,0,9,0%,79.78
best brokers for forex uk,0,9,0%,79.89
professional spread betting,0,9,0%,80.22
best forex account,0,9,0%,80.67
best forex trading account,0,9,0%,80.89
australian forex brokers list,0,9,0%,83.11
aussie forex brokers,0,9,0%,83.67
best forex trading platforms australia,0,9,0%,84.33
cfd trader uk,0,9,0%,85.56
trading on the stock market uk,0,9,0%,85.56
online trading platform spread betting forex,0,9,0%,86
top futures brokers in the usa,0,9,0%,89.22
what is the best us forex trading platform?,0,9,0%,89.33
foreign exchange brokers australia,0,9,0%,95
saxo brokerage,0,8,0%,30.25
trader monitor setup,0,8,0%,38.5
best moving average,0,8,0%,40.88
saxo vs swissquote,0,8,0%,41.12
oanda broker,0,8,0%,41.5
plus500 singapore,0,8,0%,42.25
cmc markets singapore,0,8,0%,42.75
uk options broker review,0,8,0%,44.62
cfd trading courses,0,8,0%,51
eurusd chart,0,8,0%,53.12
best trading interface,0,8,0%,53.62
what is quant,0,8,0%,54.62
tax share trading,0,8,0%,54.75
spread betting platform spread bets and cfds,0,8,0%,58
euro dollar chart,0,8,0%,59.38
best trading workshops,0,8,0%,59.62
trading taxes uk,0,8,0%,59.75
best uk brokers for day trading,0,8,0%,62
best margin trading platforms,0,8,0%,62.62
spread or cfd,0,8,0%,64.5
best spread betting education resources,0,8,0%,67.25
best broker 2026,0,8,0%,67.75
best brokers uk,0,8,0%,68.38
trading212 vs etoro,0,8,0%,68.62
us regulated forex brokers 2018,0,8,0%,69.5
forex broker top,0,8,0%,72.12
how to trade hong kong stocks in us,0,8,0%,73.25
lowest spread forex brokers,0,8,0%,73.5
trading 212 review uk,0,8,0%,73.88
best forex broker reviews,0,8,0%,75
mt4 spread betting broker,0,8,0%,76
best brokers for forex trading,0,8,0%,76.25
top fx brokers,0,8,0%,76.38
best demo spread betting account uk,0,8,0%,76.62
uk financial spread betting,0,8,0%,78.25
best australian forex broker,0,8,0%,79.88
forex broker spread,0,8,0%,80.62
cfd stocks broker,0,8,0%,81.38
best broker for currency trading,0,8,0%,84
australia fx broker,0,8,0%,89.25
spread betting platform uk 100,0,8,0%,89.25
spread bet accounts,0,8,0%,90.5
site:.trading,0,7,0%,3.71
plus500 singapore review,0,7,0%,16.71
saxo markets singapore,0,7,0%,27.29
spread betting courses uk,0,7,0%,38.71
forex brokers usa forex rating,0,7,0%,43.43
cfd or spread betting account,0,7,0%,44.14
plus500 commission,0,7,0%,49.71
ic markets vs pepperstone,0,7,0%,50
live eur gbp chart,0,7,0%,51.29
trading 212 reviews,0,7,0%,51.71
usd jpy chart,0,7,0%,51.71
spread betting tax rules,0,7,0%,54.43
trading tax uk,0,7,0%,54.57
best uk day trading platform,0,7,0%,55.43
spread betting tax,0,7,0%,55.86
what is the best swing trading platform,0,7,0%,56.43
best broker for trading,0,7,0%,58.14
eurusd chart live,0,7,0%,58.57
learn spread betting,0,7,0%,59.29
cfd vs spread betting uk,0,7,0%,60.43
etoro or trading 212,0,7,0%,61.43
taxes on trading uk,0,7,0%,62.29
tradingcom best forex brokers,0,7,0%,63.14
how to draw fibonacci retracement,0,7,0%,64.57
fx usd jpy,0,7,0%,64.71
usdjpy,0,7,0%,65.57
ig markets vs cmc,0,7,0%,66.71
uk options brokers,0,7,0%,66.71
forex traders,0,7,0%,67.43
ig vs cmc markets,0,7,0%,68.86
broker forex ranking,0,7,0%,69
best trading platform for beginners uk,0,7,0%,72.29
xtb broker,0,7,0%,72.57
spreadex demo account,0,7,0%,73.29
best forex brokers united kingdom,0,7,0%,75.29
forex brokers list,0,7,0%,77.71
uk forex spread betting platforms,0,7,0%,78
forex rating,0,7,0%,78.43
cfd trading broker,0,7,0%,79.57
forex brokers rating,0,7,0%,79.71
financial spread betting platforms,0,7,0%,79.86
best spread betting company,0,7,0%,80
cfd brokerage,0,7,0%,80
singapore regulated forex broker,0,7,0%,80
trading tax,0,7,0%,80
most trusted forex brokers,0,7,0%,81.43
spread betting review,0,7,0%,82.43
australia top forex brokers,0,7,0%,84
trade forex australia,0,7,0%,84
forex ratings,0,7,0%,84.71
spreadbetting providers,0,7,0%,86.43
uk forex spread betting accounts,0,7,0%,88.29
forex trading sg,0,7,0%,88.71
how to trade hong kong stocks,0,7,0%,92
what is the best forex broker in usa?,0,7,0%,94.43
city index singapore mas regulated,0,6,0%,4.83
best swing trading platform uk,0,6,0%,9.83
houston trading training,0,6,0%,27.67
forex brokers in america forex rating,0,6,0%,40.33
trade212,0,6,0%,43.33
cfd vs spread betting,0,6,0%,44.5
how to grow trade accounts,0,6,0%,45.33
top rated forex brokers usa,0,6,0%,45.83
trading screen setup,0,6,0%,48.17
usd/jpy chart,0,6,0%,48.83
trade in 212,0,6,0%,52
spread ex,0,6,0%,53.67
cheap options broker,0,6,0%,54
xtb trading platform,0,6,0%,54.33
usd jpy live chart,0,6,0%,54.83
eur/usd chart live,0,6,0%,55.67
best day trader broker,0,6,0%,58
how to day trade uk,0,6,0%,59.67
spread betting vs share trading uk,0,6,0%,64.33
top rated brokers,0,6,0%,64.5
best spread trading platform,0,6,0%,70.83
cfd trading london,0,6,0%,71.33
best forex broker online australia,0,6,0%,71.83
top fx brokers uk,0,6,0%,75.33
spread betting brokers comparison,0,6,0%,76.83
best forex broker trading platform,0,6,0%,77.33
us forex broker,0,6,0%,78
spread betting companies uk,0,6,0%,78.17
best rated forex brokers,0,6,0%,78.67
best us forex brokers,0,6,0%,78.67
top brokers forex,0,6,0%,78.83
drawdown chart,0,6,0%,79
spread betting platform manage your risk,0,6,0%,79.33
uk spread betting companies,0,6,0%,80.17
forex broker rating,0,6,0%,81
best forex trading uk,0,6,0%,81.83
us best forex brokers,0,6,0%,82
spread betting account uk,0,6,0%,83.33
forexbroker,0,6,0%,85
top forex brokers in australia,0,6,0%,86.5
uk spreadbetting,0,6,0%,86.5
spread betting platform spread betting accounts,0,6,0%,88
spread betting platform daily funded,0,6,0%,88.33
forex spread betting accounts,0,6,0%,89.67
brokerage for currency trading,0,6,0%,93.83
charles schwab thinkorswim vs fidelity active trader pro,0,5,0%,6.2
trading classes seattle,0,5,0%,18
day trading tax singapore,0,5,0%,25.6
best trading discord,0,5,0%,29.2
stop hunt,0,5,0%,33.2
trading 121,0,5,0%,37
which moving average is best,0,5,0%,37.6
us forex trading brokers forex rating,0,5,0%,39.2
down trader,0,5,0%,40.4
spread betting courses,0,5,0%,42.8
down trade,0,5,0%,43.6
trading212 review,0,5,0%,47.6
trading xtb,0,5,0%,51.4
eur usd graph,0,5,0%,52.4
aud usd chart,0,5,0%,53
spread betting vs cfd uk,0,5,0%,53
united states forex brokers forex rating,0,5,0%,53.4
drawdown card,0,5,0%,53.8
broker reviews,0,5,0%,55.4
best uk broker for day trading,0,5,0%,57
usdjpy live chart,0,5,0%,57.2
buy affordable trading course,0,5,0%,58
tradervue,0,5,0%,59.8
cfd trading education,0,5,0%,60.4
trading us stocks in singapore,0,5,0%,62
best platform for day trading uk,0,5,0%,63.6
best trading platform day trading,0,5,0%,64
best uk trading broker,0,5,0%,64
usd to yen chart,0,5,0%,64
spread betting vs cfd,0,5,0%,64.6
best broker for beginners uk,0,5,0%,65
ig share dealing review,0,5,0%,65.6
bull flag,0,5,0%,66
australian best forex broker,0,5,0%,67.4
best forex broker for uk,0,5,0%,67.6
options trading broker,0,5,0%,71
best trading platform day traders,0,5,0%,71.2
top spread betting platforms uk,0,5,0%,71.2
broker forex usa,0,5,0%,71.8
spread betting options uk,0,5,0%,71.8
top rated forex brokers,0,5,0%,74.6
brokers cfd,0,5,0%,75
what is engulfing,0,5,0%,75
best regulated forex brokers usa,0,5,0%,75.4
fat finger,0,5,0%,75.6
best forex broker singapore,0,5,0%,75.8
best 10 forex brokers,0,5,0%,76
best american forex broker,0,5,0%,76.8
spread betting stocks uk,0,5,0%,76.8
top forex brokers list,0,5,0%,76.8
how to buy us stocks in singapore,0,5,0%,78
financial spread betting companies,0,5,0%,78.4
top uk forex brokers,0,5,0%,78.6
usa forex brokers,0,5,0%,79.2
best broker uk forex,0,5,0%,79.4
forex market brokers,0,5,0%,79.4
stock cfd broker,0,5,0%,82.8
spread betting accounts uk,0,5,0%,83.2
pepperstone cfd review,0,5,0%,83.4
trading singapore,0,5,0%,83.8
top 10 forex brokers in australia,0,5,0%,85.2
foreign exchange market brokers,0,5,0%,85.6
spread betting forex brokers,0,5,0%,86
forex broker au,0,5,0%,86.2
broker forex australia,0,5,0%,87.6
spread betting platform fixed spreads,0,5,0%,87.8
uk cfd broker,0,5,0%,90.4
fx trading platform spread betting,0,5,0%,92
how to buy hong kong stock in us,0,5,0%,96
best options trading platform 2026,0,4,0%,7.75
cmc markets singapore mas regulated,0,4,0%,9.75
day trading singapore tax,0,4,0%,21.75
igmarkets,0,4,0%,30
oanda sg,0,4,0%,33
footprint chart,0,4,0%,39.25
best broker for beginners singapore,0,4,0%,41
trader 212,0,4,0%,43
forex trading training london,0,4,0%,47.75
oanda trading,0,4,0%,48.5
how to use fibonacci retracement tool,0,4,0%,49
how to use the fibonacci retracement tool,0,4,0%,49.5
chart eur usd,0,4,0%,50.25
eur gbp live chart,0,4,0%,50.25
trading courses london,0,4,0%,50.75
eurodollar chart,0,4,0%,52
how to do forex trading in singapore,0,4,0%,53.25
best trading platform for day traders uk,0,4,0%,53.5
broker options,0,4,0%,56.5
best stock day trading platform,0,4,0%,57.5
robinhood broker,0,4,0%,58.25
gbp jpy live chart,0,4,0%,58.5
usd jpy live,0,4,0%,59.75
fibonacci retracement tool,0,4,0%,60.75
dma trading,0,4,0%,61
how to use the fibonacci retracement,0,4,0%,61.75
trading uk shares,0,4,0%,62.5
trading platform ranking,0,4,0%,62.75
cheap brokerage,0,4,0%,63
professional trading platform,0,4,0%,63
best forex borker,0,4,0%,63.25
usd/jpy,0,4,0%,65
spread only account,0,4,0%,65.25
best online trade broker for beginners,0,4,0%,65.75
mas regulated broker singapore,0,4,0%,65.75
pepperstone alternatives,0,4,0%,66
trade down,0,4,0%,66.25
best fx brokers,0,4,0%,66.5
lot risk management,0,4,0%,66.5
fibonacci retracement how to use,0,4,0%,66.75
stop hunting,0,4,0%,66.75
cfds or spread betting,0,4,0%,67.25
trading day,0,4,0%,68
best online broker for forex,0,4,0%,68.5
forex eur usd,0,4,0%,68.5
forex brokers ranking,0,4,0%,69.25
ig markets review,0,4,0%,70
trading seminars,0,4,0%,70.25
cfd brokers,0,4,0%,71.5
financial spreadbetting compensation,0,4,0%,71.75
australian forex traders,0,4,0%,72.25
good forex brokers uk,0,4,0%,72.5
list broker forex,0,4,0%,72.75
best spread betting companies,0,4,0%,73.75
forex broker us,0,4,0%,73.75
best forex brokerage,0,4,0%,75.5
tatsyfx review,0,4,0%,76.25
best forex broker us,0,4,0%,76.5
the best forex brokers,0,4,0%,76.75
best regulated forex brokers,0,4,0%,77
best forex brokers usa,0,4,0%,77.25
direct market access broker uk,0,4,0%,77.25
forex brokers ratings,0,4,0%,77.25
uk spread betting forex brokers,0,4,0%,77.5
best brokers forex,0,4,0%,77.75
forex top brokers usa,0,4,0%,77.75
spread betting forex uk,0,4,0%,78
uk spread betting demo platforms,0,4,0%,78.75
best broker forex australia,0,4,0%,79
direct access trading,0,4,0%,79.25
best forex online brokers,0,4,0%,79.5
good forex brokers,0,4,0%,79.75
recommended forex brokers,0,4,0%,79.75
top forex brokers in uk,0,4,0%,80.25
list of forex brokers,0,4,0%,81
best brokers for scalping,0,4,0%,81.25
spread betting company uk,0,4,0%,81.75
forex best broker,0,4,0%,82.75
forex and index spread betting trading platform for professional traders,0,4,0%,83.25
regulated forex brokers,0,4,0%,84.5
broker for forex,0,4,0%,85
tax on trading income uk,0,4,0%,85
best forex broker in the uk,0,4,0%,86
spread betting platform intended for distribution,0,4,0%,86.75
uk spread betting accounts,0,4,0%,88
the best forex broker in australia,0,4,0%,95.5
best forex brokers 2017,0,4,0%,96.5
audusd market structure and sentiment,0,3,0%,4.33
audusd short-term forecast asia region,0,3,0%,8.33
ig markets,0,3,0%,10
top trading platforms for drawdown control,0,3,0%,10.67
chicago futures education,0,3,0%,12.67
which broker is best for high-volume stock trading?,0,3,0%,18.33
ig market,0,3,0%,20
chicago day trading courses,0,3,0%,20.33
london futures training,0,3,0%,24.33
best broker for trading us shares,0,3,0%,25.33
xtb vs trading 212 investment plan,0,3,0%,28
saxo capital markets,0,3,0%,33.67
online spread betting course,0,3,0%,34.33
what is imbalance in forex,0,3,0%,35
down trading,0,3,0%,36.33
trading course london,0,3,0%,41
trading 212 trading,0,3,0%,41.67
spread betting course,0,3,0%,43.33
trading courses singapore,0,3,0%,43.33
broker robin hood,0,3,0%,43.67
monitor trading,0,3,0%,45.33
learn to spread bet,0,3,0%,46.67
traded down,0,3,0%,46.67
trading212 reviews,0,3,0%,48.67
forex trading uk reviews,0,3,0%,49
how to use fibonacci in trading,0,3,0%,49.33
plus500 trading,0,3,0%,49.67
eur gbp chart live,0,3,0%,50.33
edge to trade vs charts watcher,0,3,0%,51
eur to gbp live chart,0,3,0%,51
plus500 invest,0,3,0%,51.67
trader vue,0,3,0%,52.33
eur/usd chart,0,3,0%,52.67
draw fibonacci retracement,0,3,0%,53.67
how to use fibonacci retracement in trading,0,3,0%,54
low brokerage trading account,0,3,0%,54
eur usd chart live,0,3,0%,54.33
best day trade broker,0,3,0%,55.33
usd/jpy live chart,0,3,0%,55.33
how to invest in us stocks from hong kong,0,3,0%,55.67
best brokers for trading,0,3,0%,56
how do you use fibonacci retracement,0,3,0%,56.33
plus 500 trading,0,3,0%,57.33
spread betting tax rules uk,0,3,0%,57.33
top brokers in uk,0,3,0%,57.33
best uk options broker,0,3,0%,58
how to reduce drawdown in trading,0,3,0%,58
eur usd now,0,3,0%,58.33
professional trading broker,0,3,0%,58.33
plus500 leverage,0,3,0%,59.67
usd to jpy chart,0,3,0%,60
brokers for day trading,0,3,0%,60.67
gbp usd chart live,0,3,0%,60.67
gbp usd trading,0,3,0%,60.67
xtb ltd,0,3,0%,60.67
forex trading broker reviews,0,3,0%,61
broker day trading,0,3,0%,62
day trade broker,0,3,0%,62.33
best level 2 trading platform,0,3,0%,62.67
how to draw fib retracement,0,3,0%,63
lowest spread forex broker uk,0,3,0%,63
forex trading income tax singapore,0,3,0%,63.67
stock trading courses london,0,3,0%,63.67
professional trading platforms,0,3,0%,64
is tastyfx regulated,0,3,0%,64.33
thorn capstead,0,3,0%,64.67
trading account,0,3,0%,65
uk day trading platform,0,3,0%,65
best trading tool,0,3,0%,65.33
best brokerages for beginners,0,3,0%,65.67
x trade brokers xtb,0,3,0%,66.33
bear flag trading,0,3,0%,66.67
broker with lowest spread,0,3,0%,66.67
day trading brokerage,0,3,0%,66.67
retail spread betting account,0,3,0%,67.33
top forex frokers,0,3,0%,67.67
spread betting profits,0,3,0%,68.33
uk day trading platforms,0,3,0%,68.33
forex united states,0,3,0%,68.67
spread betting trading account,0,3,0%,68.67
ranking of forex brokers,0,3,0%,69
forex trading brokers reviews,0,3,0%,69.33
learn stock market trading singapore,0,3,0%,69.67
advanced forex trading australia,0,3,0%,70.67
plus500 brokerage,0,3,0%,71.33
uk forex broker reviews,0,3,0%,71.67
fat finger trading,0,3,0%,72
no fee brokers,0,3,0%,72
best broker forex us,0,3,0%,72.33
lowest spread broker,0,3,0%,72.33
online trading course,0,3,0%,72.33
forex trading online broker,0,3,0%,73
best trading books,0,3,0%,73.33
deposit brokers,0,3,0%,73.33
top 10 forex broker,0,3,0%,73.33
top forex brokerage,0,3,0%,73.33
trading down,0,3,0%,73.33
what is the best broker for forex,0,3,0%,73.67
how to buy us stocks from singapore,0,3,0%,74
trading comparison,0,3,0%,74.33
best currency trading brokers,0,3,0%,74.67
best discount forex brokers,0,3,0%,74.67
best broker in forex trading,0,3,0%,75
best regulated forex brokers in usa,0,3,0%,75
forex trading brokers list,0,3,0%,75
best uk spread betting account,0,3,0%,75.67
forex broker trading,0,3,0%,76
top broker forex,0,3,0%,76
best u.s. forex brokers,0,3,0%,76.33
us brokers forex,0,3,0%,76.33
best american forex brokers,0,3,0%,76.67
mt5 broker singapore,0,3,0%,76.67
review forex brokers,0,3,0%,76.67
core spreads review,0,3,0%,77
best forex companies,0,3,0%,77.33
forex brokers reviews,0,3,0%,77.67
prop firm drawdown explained,0,3,0%,77.67
best broker for spread betting,0,3,0%,78.33
top 5 forex brokers,0,3,0%,78.67
top spread betting brokers,0,3,0%,78.67
stock market courses london,0,3,0%,79
brokerage forex,0,3,0%,79.67
best forex provider,0,3,0%,80
best online broker for trading forex,0,3,0%,80
best broker for scalping,0,3,0%,80.33
best forex online broker,0,3,0%,80.67
forex brokers comparison,0,3,0%,80.67
forex broker reviews 2026 forex ratings,0,3,0%,81.33
us regulated forex broker,0,3,0%,81.33
spread betting uk demo account,0,3,0%,81.67
best forex brokers online australia,0,3,0%,82
best forex platform uk,0,3,0%,82
trading brokers forex,0,3,0%,82.33
forex trading brokers in australia,0,3,0%,82.67
spread bet companies,0,3,0%,82.67
spread betting platform full risk,0,3,0%,82.67
top australian forex brokers,0,3,0%,82.67
forex trading brokers in singapore,0,3,0%,83
united kingdom best forex broker,0,3,0%,83.33
which trading platform uk for spread betting forex,0,3,0%,83.33
forex broker list,0,3,0%,83.67
forex trading platform australia,0,3,0%,83.67
good brokers for forex,0,3,0%,84
regulated forex brokers in australia,0,3,0%,84
spread betting brokers stocks,0,3,0%,84
forex spread betting account,0,3,0%,84.33
united kingdom best forex brokers,0,3,0%,84.33
reliable forex broker services,0,3,0%,84.67
top forex brokers australia,0,3,0%,84.67
forex trading singapore,0,3,0%,85.67
fx broker australia,0,3,0%,86.33
largest forex brokers in australia,0,3,0%,87.67
currency spread betting platforms,0,3,0%,88.33
drawdowns providers,0,3,0%,88.67
broker guide,0,3,0%,89
spread betting app,0,3,0%,91.33
uk cfd trading,0,3,0%,93
what is drawdown in trading,0,3,0%,94.33
what is the best forex broker in usa,0,3,0%,94.33
best broker reviews,0,3,0%,97
best trading platforms forex ratings,0,3,0%,126.33
plus500 singapore mas regulated broker,0,2,0%,1
position sizing 1% rule trading educational source,0,2,0%,5
saxo markets singapore mas regulated,0,2,0%,6
position sizing 1 percent rule day trading,0,2,0%,7.5
hong kong no capital gains tax on stock trading,0,2,0%,8
best institutional trading indicator mql5 2026,0,2,0%,8.5
position sizing 1 percent rule trading,0,2,0%,9
"(""quantitative trading"" or ""quant trading"" or ""algo trading"" or 
""algorithmic trading"" or ""block deals"" or ""block trades"" or ""hft"" or ""high 
frequency trading"")",0,2,0%,9.5
fidelity vs thinkorswim comparison 2025 or 2026,0,2,0%,17.5
charles schwab vs fidelity which is better 2026,0,2,0%,18
optimize cash positions across multiple accounts,0,2,0%,18
active trading brokerages,0,2,0%,18.5
schwab vs fidelity research platform stock analysis comparison 2025 2026,0,2,0%,20
do you pay tax on day trading singapore,0,2,0%,24.5
trading classes chicago,0,2,0%,25
trading courses chicago,0,2,0%,25
finger trader,0,2,0%,27
price action toolkit flux charts pine script,0,2,0%,27
best forex reviews,0,2,0%,28
dotbig reviews,0,2,0%,31.5
saxomarkets,0,2,0%,32
best youtube trading channels,0,2,0%,33
trading 2012,0,2,0%,33
ukspreadbetting,0,2,0%,34
best trading view,0,2,0%,34.5
broker laptop,0,2,0%,34.5
trading 21,0,2,0%,35.5
best forex broker for us traders 2026,0,2,0%,36
fat trader,0,2,0%,36
imbalance trading,0,2,0%,36
saxo singapore,0,2,0%,36
saxo bank singapore,0,2,0%,36.5
trading environment,0,2,0%,37
best swing trading brokers,0,2,0%,37.5
dotbig forex broker reviews,0,2,0%,37.5
sgx trader,0,2,0%,39.5
cmc markets dma cfd,0,2,0%,40.5
plus 500 singapore,0,2,0%,40.5
day trading scalping,0,2,0%,41
how to fib,0,2,0%,41.5
500 trading,0,2,0%,42
cmc markets sg,0,2,0%,42.5
down traders,0,2,0%,42.5
trading 12,0,2,0%,42.5
day trading interactive brokers,0,2,0%,43
city index singapore review,0,2,0%,43.5
forex trading reviews uk,0,2,0%,43.5
cmc markets leverage,0,2,0%,44
eur usd trading,0,2,0%,44
spread betting school,0,2,0%,44
trader monitors,0,2,0%,44
trading plus500,0,2,0%,44
trading education london,0,2,0%,44.5
212 trading review,0,2,0%,46
spread betting seminars,0,2,0%,46.5
best swing trading platform,0,2,0%,47
cmc trading,0,2,0%,47.5
spread bet or cfd,0,2,0%,47.5
cable gbp usd,0,2,0%,48
how to trade forex singapore,0,2,0%,48
212 trader,0,2,0%,49
retail trader,0,2,0%,49
eur/usd live chart,0,2,0%,51
footprint charts,0,2,0%,51
spreadex trading platform,0,2,0%,51
forex education london,0,2,0%,51.5
what is tastyfx,0,2,0%,51.5
eur to usd live chart,0,2,0%,52
tradining 212,0,2,0%,52
trading economics calendar,0,2,0%,52.5
best option brokers,0,2,0%,53
best stock broker for beginners,0,2,0%,53
xtb trader,0,2,0%,53
euro to dollar live chart,0,2,0%,53.5
best broker for options,0,2,0%,54
how to draw fibonacci retracement in downtrend,0,2,0%,54
stophunt,0,2,0%,54
xtb online trading,0,2,0%,54
day trader broker,0,2,0%,54.5
eur usd chart forex,0,2,0%,54.5
how to use fibonacci retracements,0,2,0%,54.5
spread betting pricing,0,2,0%,54.5
trade 212 review,0,2,0%,54.5
trading apps,0,2,0%,54.5
dominating forex,0,2,0%,55
eur usd forex chart,0,2,0%,55
euro to dollar chart,0,2,0%,55
number 1 forex broker,0,2,0%,55
euro dollar live,0,2,0%,55.5
euro vs usd chart,0,2,0%,55.5
hl spread betting,0,2,0%,55.5
how to trade with fibonacci levels,0,2,0%,56
tading 212,0,2,0%,56
gbpusd live chart,0,2,0%,56.5
simulator trader,0,2,0%,56.5
trading training london,0,2,0%,56.5
uk stocks trading,0,2,0%,56.5
best day trading brokers online,0,2,0%,57
usdjpy chart,0,2,0%,57
best brokerage firms for beginners,0,2,0%,57.5
best brokers for day trading uk,0,2,0%,57.5
cmc markets,0,2,0%,57.5
euro pound live chart,0,2,0%,57.5
usd yen chart,0,2,0%,57.5
best options broker,0,2,0%,58
online day trading broker,0,2,0%,58
best day trade platform,0,2,0%,58.5
how to start forex trading in singapore,0,2,0%,58.5
best day trade website,0,2,0%,59
best daytrading broker,0,2,0%,59
gbp/usd live chart,0,2,0%,59
best broker for option trading,0,2,0%,59.5
gbp to usd live chart,0,2,0%,59.5
how to draw fibonacci retracements,0,2,0%,59.5
how to use the fib retracement tool,0,2,0%,59.5
oanda asia pacific,0,2,0%,59.5
best brokers for day traders,0,2,0%,60
best forex broker in the united kingdon,0,2,0%,60
dollar to yen chart,0,2,0%,60
euro v dollar chart,0,2,0%,60
what is a stop hunt,0,2,0%,60
best intraday trading platform,0,2,0%,60.5
broker for day trading,0,2,0%,60.5