URL,Last crawled
https://drawdown.trading/glossary/spread-betting-def,2026-06-08
https://drawdown.trading/compare/scalping-vs-day-trading,2026-06-06
https://drawdown.trading/compare/ig-vs-pepperstone,2026-06-06
https://drawdown.trading/compare/spread-betting-vs-cfds,2026-06-06
https://drawdown.trading/us/brokers/robinhood,2026-06-06
https://drawdown.trading/learn-to-trade/futures-trading/reading,2026-06-06
https://drawdown.trading/compare/options-vs-stocks,2026-06-06
https://drawdown.trading/learn-to-trade/volume-profile/liverpool,2026-06-06
https://drawdown.trading/disclaimer,2026-06-05
https://drawdown.trading/contact,2026-06-05
https://drawdown.trading/learn-to-trade/volume-profile/hull,2026-06-05
https://drawdown.trading/glossary/dead-cat-bounce,2026-06-05
https://drawdown.trading/learn-to-trade/algorithmic-trading/newcastle,2026-06-05
https://drawdown.trading/go/pepperstone,2026-06-04
https://drawdown.trading/learn-to-trade/stock-trading-uk/cambridge,2026-06-04
https://drawdown.trading/dashboard,2026-06-04
https://drawdown.trading/learn-to-trade/volume-profile/exeter,2026-06-04
https://drawdown.trading/learn-to-trade/commodity-trading/edinburgh,2026-06-03
https://drawdown.trading/glossary/quant,2026-06-03
https://drawdown.trading/learn-to-trade/risk-management/newcastle,2026-06-03
https://drawdown.trading/glossary/technical-indicator-def,2026-06-03
https://drawdown.trading/learn-to-trade/order-flow-trading/newcastle,2026-06-03
https://drawdown.trading/learn-to-trade/risk-management/chesterfield,2026-06-03
https://drawdown.trading/learn-to-trade/day-trading/coventry,2026-06-03
https://drawdown.trading/learn-to-trade/crypto-trading/swansea,2026-06-03
https://drawdown.trading/learn-to-trade/candlestick-patterns,2026-06-03
https://drawdown.trading/blog/why-most-uk-traders-fail,2026-06-03
https://drawdown.trading/learn-to-trade/fundamental-analysis/edinburgh,2026-06-02
https://drawdown.trading/learn-to-trade/risk-management,2026-06-02
https://drawdown.trading/blog/case-for-full-automation,2026-06-02
https://drawdown.trading/learn-to-trade/commodity-trading/york,2026-06-02
https://drawdown.trading/learn-to-trade/day-trading/milton-keynes,2026-06-01
https://drawdown.trading/learn-to-trade/position-sizing/belfast,2026-06-01
https://drawdown.trading/learn-to-trade/index-trading/bristol,2026-05-31
https://drawdown.trading/glossary/rally,2026-05-31
https://drawdown.trading/how-to/use-macd,2026-05-31
https://drawdown.trading/about,2026-05-31
https://drawdown.trading/learn-to-trade/trading-tax-uk/sheffield,2026-05-30
https://drawdown.trading/learn-to-trade/stock-trading-uk/edinburgh,2026-05-30
https://drawdown.trading/go/ig-markets,2026-05-30
http://drawdown.trading/,2026-05-28
https://drawdown.trading/tools/strategy-backtester,2026-05-27
https://drawdown.trading/ca,2026-05-26
https://drawdown.trading/learn-to-trade/algorithmic-trading/bristol,2026-05-25
https://drawdown.trading/ae,2026-05-25
https://drawdown.trading/sg,2026-05-25